UNIQUE_NUMBER,Years_Present,TESTING_DATE
00533,2021,9/13/2023
00533,2022,9/13/2023
00533,2023,9/13/2023
009LY,2020,6/28/2021
009LY,2021,6/28/2021
009M8,2022,3/27/2024
009M8,2023,3/27/2024
015WC,2023,7/24/2023
01C4N,2022,9/27/2023
01C4N,2023,9/27/2023
01C4N,2024,9/27/2023
01KN4,2023,9/13/2023
01LQN,2021,7/24/2023
01LQN,2022,7/24/2023
01LQN,2023,7/24/2023
01LR2,2021,7/24/2023
01LR2,2022,7/24/2023
01LR2,2023,7/24/2023
01M0H,2023,7/24/2023
01N8M,2020,2/22/2024
01N8M,2021,2/22/2024
01N8M,2022,2/22/2024
01N8M,2023,2/22/2024
01N8M,2024,2/22/2024
01N8N,2023,NA
01N8N,2024,NA
01N8P,2020,1/6/2023
01N8P,2021,1/6/2023
01N8P,2022,1/6/2023
01N8Q,2020,2/22/2024
01N8Q,2021,2/22/2024
01N8Q,2022,2/22/2024
01N8Q,2023,2/22/2024
01N8Q,2024,2/22/2024
01N8R,2020,9/19/2023
01N8R,2021,9/19/2023
01N8R,2022,9/19/2023
01N8R,2023,9/19/2023
01N8T,2020,2/22/2024
01N8T,2021,2/22/2024
01N8T,2022,2/22/2024
01N8T,2023,2/22/2024
01N8T,2024,2/22/2024
01N8V,2020,2/22/2024
01N8V,2021,2/22/2024
01N8V,2022,2/22/2024
01N8V,2023,2/22/2024
01N8V,2024,2/22/2024
01N8W,2020,2/22/2024
01N8W,2021,2/22/2024
01N8W,2022,2/22/2024
01N8W,2023,2/22/2024
01N8W,2024,2/22/2024
01N8X,2020,2/22/2024
01N8X,2021,2/22/2024
01N8X,2022,2/22/2024
01N8X,2023,2/22/2024
01N8X,2024,2/22/2024
01N8Y,2021,9/27/2023
01N8Y,2022,9/27/2023
01N8Y,2023,9/27/2023
01N90,2020,11/29/2023
01N90,2021,11/29/2023
01N90,2022,11/29/2023
01N90,2023,11/29/2023
01N91,2020,2/22/2024
01N91,2021,2/22/2024
01N91,2022,2/22/2024
01N91,2023,2/22/2024
01N91,2024,2/22/2024
01N92,2020,3/31/2022
01N92,2021,3/31/2022
01N93,2020,1/24/2023
01N93,2021,1/24/2023
01N93,2022,1/24/2023
01N94,2020,2/22/2024
01N94,2021,2/22/2024
01N94,2022,2/22/2024
01N94,2023,2/22/2024
01N94,2024,2/22/2024
01N95,2021,7/26/2024
01N95,2022,7/26/2024
01N95,2023,7/26/2024
01N95,2024,7/26/2024
01N96,2020,2/22/2024
01N96,2021,2/22/2024
01N96,2022,2/22/2024
01N96,2023,2/22/2024
01N96,2024,2/22/2024
01N97,2020,2/22/2024
01N97,2021,2/22/2024
01N97,2022,2/22/2024
01N97,2023,2/22/2024
01N97,2024,2/22/2024
01N98,2020,2/22/2024
01N98,2021,2/22/2024
01N98,2022,2/22/2024
01N98,2023,2/22/2024
01N98,2024,2/22/2024
01N99,2020,2/22/2024
01N99,2021,2/22/2024
01N99,2022,2/22/2024
01N99,2023,2/22/2024
01N99,2024,2/22/2024
01N9B,2020,1/24/2023
01N9B,2021,1/24/2023
01N9B,2022,1/24/2023
01N9C,2020,2/22/2024
01N9C,2021,2/22/2024
01N9C,2022,2/22/2024
01N9C,2023,2/22/2024
01N9C,2024,2/22/2024
01N9F,2020,3/31/2022
01N9F,2021,3/31/2022
01N9G,2021,7/26/2024
01N9G,2022,7/26/2024
01N9G,2023,7/26/2024
01N9G,2024,7/26/2024
01N9H,2021,1/24/2023
01N9H,2022,1/24/2023
01N9J,2020,2/22/2024
01N9J,2021,2/22/2024
01N9J,2022,2/22/2024
01N9J,2023,2/22/2024
01N9J,2024,2/22/2024
01N9K,2020,3/31/2022
01N9K,2021,3/31/2022
01N9L,2020,2/22/2024
01N9L,2021,2/22/2024
01N9L,2022,2/22/2024
01N9L,2023,2/22/2024
01N9L,2024,2/22/2024
01N9M,2021,3/6/2023
01N9M,2022,3/6/2023
01N9N,2021,7/26/2024
01N9N,2022,7/26/2024
01N9N,2023,7/26/2024
01N9N,2024,7/26/2024
01N9P,2020,2/22/2024
01N9P,2021,2/22/2024
01N9P,2022,2/22/2024
01N9P,2023,2/22/2024
01N9P,2024,2/22/2024
01N9Q,2021,7/26/2024
01N9Q,2022,7/26/2024
01N9Q,2023,7/26/2024
01N9Q,2024,7/26/2024
01N9R,2020,9/18/2023
01N9R,2021,9/18/2023
01N9R,2022,9/18/2023
01N9R,2023,9/18/2023
01N9T,2020,2/22/2024
01N9T,2021,2/22/2024
01N9T,2022,2/22/2024
01N9T,2023,2/22/2024
01N9T,2024,2/22/2024
01N9V,2020,2/22/2024
01N9V,2021,2/22/2024
01N9V,2022,2/22/2024
01N9V,2023,2/22/2024
01N9V,2024,2/22/2024
01N9W,2022,9/27/2023
01N9W,2023,9/27/2023
01N9X,2021,7/26/2024
01N9X,2022,7/26/2024
01N9X,2023,7/26/2024
01N9X,2024,7/26/2024
01N9Y,2020,2/22/2024
01N9Y,2021,2/22/2024
01N9Y,2022,2/22/2024
01N9Y,2023,2/22/2024
01N9Y,2024,2/22/2024
01NB0,2021,5/9/2024
01NB0,2022,5/9/2024
01NB0,2023,5/9/2024
01NB0,2024,5/9/2024
01NB1,2021,7/26/2024
01NB1,2022,7/26/2024
01NB1,2023,7/26/2024
01NB1,2024,7/26/2024
01NB2,2020,2/22/2024
01NB2,2021,2/22/2024
01NB2,2022,2/22/2024
01NB2,2023,2/22/2024
01NB2,2024,2/22/2024
01NB3,2020,2/22/2024
01NB3,2021,2/22/2024
01NB3,2022,2/22/2024
01NB3,2023,2/22/2024
01NB3,2024,2/22/2024
01NB4,2023,NA
01NB4,2024,NA
01NB5,2021,NA
01NB5,2022,NA
01NB6,2020,2/22/2024
01NB6,2021,2/22/2024
01NB6,2022,2/22/2024
01NB6,2023,2/22/2024
01NB6,2024,2/22/2024
01NB7,2020,7/26/2024
01NB7,2021,7/26/2024
01NB7,2022,7/26/2024
01NB7,2023,7/26/2024
01NB7,2024,7/26/2024
01NB8,2020,11/29/2023
01NB8,2021,11/29/2023
01NB8,2022,11/29/2023
01NB8,2023,11/29/2023
01NB9,2021,7/26/2024
01NB9,2022,7/26/2024
01NB9,2023,7/26/2024
01NB9,2024,7/26/2024
01NBB,2020,2/22/2024
01NBB,2021,2/22/2024
01NBB,2022,2/22/2024
01NBB,2023,2/22/2024
01NBB,2024,2/22/2024
01NBC,2020,2/22/2024
01NBC,2021,2/22/2024
01NBC,2022,2/22/2024
01NBC,2023,2/22/2024
01NBC,2024,2/22/2024
01NBF,2020,2/22/2024
01NBF,2021,2/22/2024
01NBF,2022,2/22/2024
01NBF,2023,2/22/2024
01NBF,2024,2/22/2024
01NBG,2020,2/22/2024
01NBG,2021,2/22/2024
01NBG,2022,2/22/2024
01NBG,2023,2/22/2024
01NBG,2024,2/22/2024
01NBH,2021,7/26/2024
01NBH,2022,7/26/2024
01NBH,2023,7/26/2024
01NBH,2024,7/26/2024
01NBJ,2021,1/6/2023
01NBJ,2022,1/6/2023
01NBK,2021,7/26/2024
01NBK,2022,7/26/2024
01NBK,2023,7/26/2024
01NBK,2024,7/26/2024
01NBL,2021,1/29/2024
01NBL,2022,1/29/2024
01NBL,2023,1/29/2024
01NBM,2021,10/6/2023
01NBM,2022,10/6/2023
01NBM,2023,10/6/2023
01NBM,2024,10/6/2023
01NBN,2023,NA
01NBN,2024,NA
01NBP,2021,10/9/2023
01NBP,2022,10/9/2023
01NBP,2023,10/9/2023
01NBQ,2021,7/26/2024
01NBQ,2022,7/26/2024
01NBQ,2023,7/26/2024
01NBQ,2024,7/26/2024
01NBR,2021,1/29/2024
01NBR,2022,1/29/2024
01NBR,2023,1/29/2024
01NBT,2021,12/19/2023
01NBT,2022,12/19/2023
01NBV,2021,7/26/2024
01NBV,2022,7/26/2024
01NBV,2023,7/26/2024
01NBV,2024,7/26/2024
01NBW,2022,9/27/2023
01NBW,2023,9/27/2023
01NBW,2024,9/27/2023
01NBX,2022,10/6/2023
01NBX,2023,10/6/2023
01NBX,2024,10/6/2023
01NBY,2021,1/24/2023
01NBY,2022,1/24/2023
01NC0,2021,7/26/2024
01NC0,2022,7/26/2024
01NC0,2023,7/26/2024
01NC0,2024,7/26/2024
01NC1,2022,10/6/2023
01NC1,2023,10/6/2023
01NC1,2024,10/6/2023
01NC2,2021,10/6/2023
01NC2,2022,10/6/2023
01NC2,2023,10/6/2023
01NC2,2024,10/6/2023
01NC3,2022,10/6/2023
01NC3,2023,10/6/2023
01NC3,2024,10/6/2023
01NC4,2021,7/26/2024
01NC4,2022,7/26/2024
01NC4,2023,7/26/2024
01NC4,2024,7/26/2024
01NC5,2022,10/6/2023
01NC5,2023,10/6/2023
01NC5,2024,10/6/2023
01NC6,2021,7/26/2024
01NC6,2022,7/26/2024
01NC6,2023,7/26/2024
01NC6,2024,7/26/2024
01NC7,2021,10/6/2023
01NC7,2022,10/6/2023
01NC7,2023,10/6/2023
01NC8,2021,7/28/2024
01NC8,2022,7/28/2024
01NC8,2023,7/28/2024
01NC8,2024,7/28/2024
01NC9,2021,10/6/2023
01NC9,2022,10/6/2023
01NC9,2023,10/6/2023
01NC9,2024,10/6/2023
01NCB,2020,9/14/2023
01NCB,2021,9/14/2023
01NCB,2022,9/14/2023
01NCB,2023,9/14/2023
01NCC,2020,10/6/2023
01NCC,2021,10/6/2023
01NCC,2022,10/6/2023
01NCC,2023,10/6/2023
01NCF,2020,2/3/2023
01NCF,2021,2/3/2023
01NCF,2022,2/3/2023
01NCF,2023,2/3/2023
01NCG,2020,10/6/2023
01NCG,2021,10/6/2023
01NCG,2022,10/6/2023
01NCG,2023,10/6/2023
01NCH,2020,12/1/2021
01NCH,2021,12/1/2021
01NCJ,2021,7/26/2024
01NCJ,2022,7/26/2024
01NCJ,2023,7/26/2024
01NCJ,2024,7/26/2024
01NCK,2021,7/26/2024
01NCK,2022,7/26/2024
01NCK,2023,7/26/2024
01NCK,2024,7/26/2024
01NCL,2020,7/26/2024
01NCL,2021,7/26/2024
01NCL,2022,7/26/2024
01NCL,2023,7/26/2024
01NCL,2024,7/26/2024
01NCM,2022,9/19/2023
01NCM,2023,9/19/2023
01NCN,2021,7/26/2024
01NCN,2022,7/26/2024
01NCN,2023,7/26/2024
01NCN,2024,7/26/2024
01NCP,2020,NA
01NCP,2021,NA
01NCQ,2020,12/1/2021
01NCQ,2021,12/1/2021
01NCQ,2022,12/1/2021
01NCR,2020,10/6/2023
01NCR,2021,10/6/2023
01NCR,2022,10/6/2023
01NCR,2023,10/6/2023
01NCR,2024,10/6/2023
01NCT,2020,7/25/2024
01NCT,2021,7/25/2024
01NCT,2022,7/25/2024
01NCT,2023,7/25/2024
01NCT,2024,7/25/2024
01NCV,2020,7/11/2023
01NCV,2021,7/11/2023
01NCV,2022,7/11/2023
01NCV,2023,7/11/2023
01NCW,2021,3/6/2023
01NCW,2022,3/6/2023
01NCX,2021,7/26/2024
01NCX,2022,7/26/2024
01NCX,2023,7/26/2024
01NCX,2024,7/26/2024
01NCY,2021,NA
01NCY,2022,NA
01NF0,2020,3/28/2022
01NF0,2021,3/28/2022
01NF1,2021,7/26/2024
01NF1,2022,7/26/2024
01NF1,2023,7/26/2024
01NF1,2024,7/26/2024
01NF2,2020,10/6/2023
01NF2,2021,10/6/2023
01NF2,2022,10/6/2023
01NF2,2023,10/6/2023
01NF2,2024,10/6/2023
01NF3,2020,11/1/2023
01NF3,2021,11/1/2023
01NF4,2020,11/30/2022
01NF4,2021,11/30/2022
01NF4,2022,11/30/2022
01NF5,2021,3/6/2023
01NF5,2022,3/6/2023
01NF6,2020,2/3/2023
01NF6,2021,2/3/2023
01NF6,2022,2/3/2023
01NF6,2023,2/3/2023
01NF7,2021,10/6/2023
01NF7,2022,10/6/2023
01NF7,2023,10/6/2023
01NF7,2024,10/6/2023
01NF8,2020,2/3/2023
01NF8,2021,2/3/2023
01NF8,2022,2/3/2023
01NF8,2023,2/3/2023
01NF9,2020,NA
01NF9,2021,NA
01NF9,2022,NA
01NFB,2020,3/28/2022
01NFB,2021,3/28/2022
01NFC,2021,10/6/2023
01NFC,2022,10/6/2023
01NFC,2023,10/6/2023
01NFC,2024,10/6/2023
01NFF,2020,3/25/2022
01NFF,2021,3/25/2022
01NFG,2020,10/6/2023
01NFG,2021,10/6/2023
01NFG,2022,10/6/2023
01NFG,2023,10/6/2023
01NFG,2024,10/6/2023
01NFH,2021,10/6/2023
01NFH,2022,10/6/2023
01NFH,2023,10/6/2023
01NFH,2024,10/6/2023
01NFJ,2020,12/1/2021
01NFJ,2021,12/1/2021
01NFK,2020,11/1/2023
01NFK,2021,11/1/2023
01NFK,2022,11/1/2023
01NFK,2023,11/1/2023
01NFL,2020,10/6/2023
01NFL,2021,10/6/2023
01NFL,2022,10/6/2023
01NFL,2023,10/6/2023
01NFL,2024,10/6/2023
01NFM,2021,6/16/2022
01NFM,2022,6/16/2022
01NFN,2021,2/3/2023
01NFN,2022,2/3/2023
01NFN,2023,2/3/2023
01NFP,2020,11/1/2023
01NFP,2021,11/1/2023
01NFQ,2020,11/30/2022
01NFQ,2021,11/30/2022
01NFQ,2022,11/30/2022
01NFR,2021,11/30/2022
01NFR,2022,11/30/2022
01NFT,2021,9/27/2023
01NFT,2022,9/27/2023
01NFT,2023,9/27/2023
01NFT,2024,9/27/2023
01NFV,2020,7/24/2023
01NFV,2021,7/24/2023
01NFV,2022,7/24/2023
01NFV,2023,7/24/2023
01NFW,2020,2/3/2023
01NFW,2021,2/3/2023
01NFW,2022,2/3/2023
01NFW,2023,2/3/2023
01NFX,2020,10/6/2023
01NFX,2021,10/6/2023
01NFX,2022,10/6/2023
01NFX,2023,10/6/2023
01NFX,2024,10/6/2023
01NFY,2020,9/27/2023
01NFY,2021,9/27/2023
01NFY,2022,9/27/2023
01NFY,2023,9/27/2023
01NG0,2020,12/1/2021
01NG0,2021,12/1/2021
01NG1,2021,1/6/2023
01NG1,2022,1/6/2023
01NG2,2020,12/1/2021
01NG2,2021,12/1/2021
01NG3,2020,12/1/2021
01NG3,2021,12/1/2021
01NG4,2020,12/1/2021
01NG4,2021,12/1/2021
01NG5,2021,9/27/2023
01NG5,2022,9/27/2023
01NG5,2023,9/27/2023
01NG5,2024,9/27/2023
01NG6,2021,11/30/2022
01NG6,2022,11/30/2022
01NG7,2022,10/6/2023
01NG7,2023,10/6/2023
01NG7,2024,10/6/2023
01NG8,2021,NA
01NG9,2021,10/6/2023
01NG9,2022,10/6/2023
01NG9,2023,10/6/2023
01NG9,2024,10/6/2023
01NGB,2023,NA
01NGB,2024,NA
01NGC,2023,NA
01NGC,2024,NA
01NGF,2021,11/1/2023
01NGF,2022,11/1/2023
01NGG,2021,1/24/2023
01NGG,2022,1/24/2023
01NGH,2021,9/27/2023
01NGH,2022,9/27/2023
01NGH,2023,9/27/2023
01NGH,2024,9/27/2023
01NGJ,2021,11/30/2022
01NGJ,2022,11/30/2022
01NGK,2021,9/27/2023
01NGK,2022,9/27/2023
01NGK,2023,9/27/2023
01NGK,2024,9/27/2023
01NGL,2021,10/6/2023
01NGL,2022,10/6/2023
01NGL,2023,10/6/2023
01NGL,2024,10/6/2023
01NGM,2021,2/3/2023
01NGM,2022,2/3/2023
01NGM,2023,2/3/2023
01NGN,2021,11/13/2023
01NGN,2022,11/13/2023
01NGN,2023,11/13/2023
01NGP,2021,2/3/2023
01NGP,2022,2/3/2023
01NGP,2023,2/3/2023
01NGQ,2023,NA
01NGQ,2024,NA
01NGR,2021,3/9/2023
01NGR,2022,3/9/2023
01NGR,2023,3/9/2023
01NGT,2021,10/6/2023
01NGT,2022,10/6/2023
01NGT,2023,10/6/2023
01NGT,2024,10/6/2023
01NGV,2021,12/21/2023
01NGV,2022,12/21/2023
01NGX,2021,NA
01NGY,2021,9/27/2023
01NGY,2022,9/27/2023
01NGY,2023,9/27/2023
01NGY,2024,9/27/2023
01NH0,2021,9/27/2023
01NH0,2022,9/27/2023
01NH0,2023,9/27/2023
01NH0,2024,9/27/2023
01NH1,2021,9/27/2023
01NH1,2022,9/27/2023
01NH1,2023,9/27/2023
01NH1,2024,9/27/2023
01NH3,2021,2/3/2023
01NH3,2022,2/3/2023
01NH3,2023,2/3/2023
01NH5,2021,12/19/2023
01NH5,2022,12/19/2023
01NH6,2021,2/3/2023
01NH6,2022,2/3/2023
01NH6,2023,2/3/2023
01NH7,2021,11/30/2022
01NH7,2022,11/30/2022
01NH8,2021,3/9/2023
01NH8,2022,3/9/2023
01NH8,2023,3/9/2023
01NH9,2021,10/18/2024
01NH9,2022,10/18/2024
01NH9,2023,10/18/2024
01NH9,2024,10/18/2024
01NHB,2021,11/29/2023
01NHB,2022,11/29/2023
01NHB,2023,11/29/2023
01NHC,2022,5/14/2024
01NHF,2021,9/27/2023
01NHF,2022,9/27/2023
01NHF,2023,9/27/2023
01NHF,2024,9/27/2023
01NHJ,2022,10/6/2023
01NHJ,2023,10/6/2023
01NHJ,2024,10/6/2023
01NHK,2021,9/27/2023
01NHK,2022,9/27/2023
01NHK,2023,9/27/2023
01NHK,2024,9/27/2023
01NHL,2022,12/11/2023
01NHL,2023,12/11/2023
01NHM,2021,7/26/2024
01NHM,2022,7/26/2024
01NHM,2023,7/26/2024
01NHM,2024,7/26/2024
01NHN,2022,10/6/2023
01NHN,2023,10/6/2023
01NHN,2024,10/6/2023
01NHQ,2021,7/26/2024
01NHQ,2022,7/26/2024
01NHQ,2023,7/26/2024
01NHQ,2024,7/26/2024
01NHR,2022,11/29/2023
01NHR,2023,11/29/2023
01NHT,2021,9/27/2023
01NHT,2022,9/27/2023
01NHT,2023,9/27/2023
01NHT,2024,9/27/2023
01NHV,2021,9/27/2023
01NHV,2022,9/27/2023
01NHV,2023,9/27/2023
01NHV,2024,9/27/2023
01NQF,2020,7/10/2023
01NQF,2021,7/10/2023
03HNQ,2021,12/11/2023
03HNQ,2022,12/11/2023
03HNQ,2023,12/11/2023
03HV1,2021,3/28/2022
03YV9,2022,9/27/2023
03YV9,2023,9/27/2023
03YV9,2024,9/27/2023
03YWC,2022,1/24/2023
043M2,2021,9/27/2023
043M2,2022,9/27/2023
043M2,2023,9/27/2023
043M2,2024,9/27/2023
043M3,2021,9/27/2023
043M3,2022,9/27/2023
043M3,2023,9/27/2023
043M3,2024,9/27/2023
043NM,2022,10/6/2023
043NM,2023,10/6/2023
043NM,2024,10/6/2023
046T7,2023,7/24/2023
046TQ,2022,7/24/2023
046TQ,2023,7/24/2023
047NG,2022,9/27/2023
047NG,2023,9/27/2023
047NG,2024,9/27/2023
047NJ,2022,1/6/2023
047NL,2022,9/27/2023
047NL,2023,9/27/2023
047NL,2024,9/27/2023
0495R,2021,7/26/2024
0495R,2022,7/26/2024
0495R,2023,7/26/2024
0495R,2024,7/26/2024
0495T,2021,7/26/2024
0495T,2022,7/26/2024
0495T,2023,7/26/2024
0495T,2024,7/26/2024
0495V,2021,6/16/2022
0495V,2022,6/16/2022
0495W,2021,7/26/2024
0495W,2022,7/26/2024
0495W,2023,7/26/2024
0495W,2024,7/26/2024
0495X,2021,1/29/2024
0495X,2022,1/29/2024
0495X,2023,1/29/2024
0495Y,2022,9/27/2023
0495Y,2023,9/27/2023
0495Y,2024,9/27/2023
04960,2023,NA
04960,2024,NA
04961,2022,9/27/2023
04961,2023,9/27/2023
04961,2024,9/27/2023
04962,2021,10/9/2023
04962,2022,10/9/2023
04962,2023,10/9/2023
04963,2021,7/26/2024
04963,2022,7/26/2024
04963,2023,7/26/2024
04963,2024,7/26/2024
04964,2021,7/26/2024
04964,2022,7/26/2024
04964,2023,7/26/2024
04964,2024,7/26/2024
04965,2023,NA
04965,2024,NA
04966,2021,7/26/2024
04966,2022,7/26/2024
04966,2023,7/26/2024
04966,2024,7/26/2024
04967,2021,7/26/2024
04967,2022,7/26/2024
04967,2023,7/26/2024
04967,2024,7/26/2024
04968,2022,9/27/2023
04968,2023,9/27/2023
04968,2024,9/27/2023
04969,2021,12/19/2023
04969,2022,12/19/2023
0496B,2021,2/3/2023
0496B,2022,2/3/2023
0496B,2023,2/3/2023
0496C,2021,2/3/2023
0496C,2022,2/3/2023
0496C,2023,2/3/2023
0496F,2021,3/9/2023
0496F,2022,3/9/2023
0496F,2023,3/9/2023
0496G,2021,11/30/2022
0496G,2022,11/30/2022
0496H,2021,2/3/2023
0496H,2022,2/3/2023
0496J,2021,9/27/2023
0496J,2022,9/27/2023
0496J,2023,9/27/2023
0496J,2024,9/27/2023
0496K,2023,NA
0496K,2024,NA
0496L,2022,10/6/2023
0496L,2023,10/6/2023
0496L,2024,10/6/2023
0496M,2021,NA
0496M,2022,NA
0496M,2023,NA
0496N,2023,NA
0496N,2024,NA
0496P,2021,11/30/2022
0496P,2022,11/30/2022
0496Q,2022,10/6/2023
0496Q,2023,10/6/2023
0496Q,2024,10/6/2023
0496R,2021,10/6/2023
0496R,2022,10/6/2023
0496R,2023,10/6/2023
0496R,2024,10/6/2023
0496T,2021,9/27/2023
0496T,2022,9/27/2023
0496T,2023,9/27/2023
0496T,2024,9/27/2023
0496V,2021,1/6/2023
0496V,2022,1/6/2023
0496W,2022,10/6/2023
0496W,2023,10/6/2023
0496W,2024,10/6/2023
0496X,2022,9/27/2023
0496X,2023,9/27/2023
0496X,2024,9/27/2023
0496Y,2021,7/26/2024
0496Y,2022,7/26/2024
0496Y,2023,7/26/2024
0496Y,2024,7/26/2024
04970,2022,9/27/2023
04970,2023,9/27/2023
04970,2024,9/27/2023
04971,2021,7/26/2024
04971,2022,7/26/2024
04971,2023,7/26/2024
04971,2024,7/26/2024
04972,2021,7/26/2024
04972,2022,7/26/2024
04972,2023,7/26/2024
04972,2024,7/26/2024
04973,2022,9/27/2023
04973,2023,9/27/2023
04973,2024,9/27/2023
04974,2021,9/27/2023
04974,2022,9/27/2023
04974,2023,9/27/2023
04974,2024,9/27/2023
04975,2023,10/21/2024
04975,2024,10/21/2024
04976,2021,9/27/2023
04976,2022,9/27/2023
04976,2023,9/27/2023
04976,2024,9/27/2023
04977,2021,3/8/2023
04977,2022,3/8/2023
04978,2021,9/27/2023
04978,2022,9/27/2023
04978,2023,9/27/2023
04978,2024,9/27/2023
04979,2021,1/6/2023
04979,2022,1/6/2023
0497B,2021,9/27/2023
0497B,2022,9/27/2023
0497B,2023,9/27/2023
0497B,2024,9/27/2023
0497C,2021,9/27/2023
0497C,2022,9/27/2023
0497C,2023,9/27/2023
0497C,2024,9/27/2023
04C16,2021,9/27/2023
04C16,2022,9/27/2023
04C16,2023,9/27/2023
04C16,2024,9/27/2023
04K7H,2021,1/6/2023
04K7H,2022,1/6/2023
062G7,2023,10/6/2023
062G7,2024,10/6/2023
062GB,2023,9/14/2023
070R4,2022,10/9/2023
070R4,2023,10/9/2023
070R5,2022,10/6/2023
070R5,2023,10/6/2023
070R5,2024,10/6/2023
070R6,2022,9/27/2023
070R6,2023,9/27/2023
070R6,2024,9/27/2023
070R7,2022,10/6/2023
070R7,2023,10/6/2023
070R7,2024,10/6/2023
070R8,2022,10/6/2023
070R8,2023,10/6/2023
070R8,2024,10/6/2023
070R9,2022,12/11/2023
070R9,2023,12/11/2023
070RB,2022,10/6/2023
070RB,2023,10/6/2023
070RB,2024,10/6/2023
070RC,2022,10/6/2023
070RC,2023,10/6/2023
070RC,2024,10/6/2023
070RF,2022,10/6/2023
070RF,2023,10/6/2023
070RF,2024,10/6/2023
070RG,2022,10/6/2023
070RG,2023,10/6/2023
070RG,2024,10/6/2023
070RH,2022,10/6/2023
070RH,2023,10/6/2023
070RH,2024,10/6/2023
070RJ,2022,9/27/2023
070RJ,2023,9/27/2023
070RJ,2024,9/27/2023
070RK,2022,9/27/2023
070RK,2023,9/27/2023
070RK,2024,9/27/2023
070RL,2022,9/27/2023
070RL,2023,9/27/2023
070RL,2024,9/27/2023
070RM,2022,9/27/2023
070RM,2023,9/27/2023
070RM,2024,9/27/2023
070RN,2022,9/27/2023
070RN,2023,9/27/2023
070RN,2024,9/27/2023
070RP,2022,9/27/2023
070RP,2023,9/27/2023
070RP,2024,9/27/2023
070RQ,2022,9/27/2023
070RQ,2023,9/27/2023
070RQ,2024,9/27/2023
070RR,2022,9/27/2023
070RR,2023,9/27/2023
070RR,2024,9/27/2023
070RT,2022,10/6/2023
070RT,2023,10/6/2023
070RT,2024,10/6/2023
070RV,2022,10/6/2023
070RV,2023,10/6/2023
070RV,2024,10/6/2023
070RW,2022,10/6/2023
070RW,2023,10/6/2023
070RW,2024,10/6/2023
070RX,2022,10/6/2023
070RX,2023,10/6/2023
070RX,2024,10/6/2023
070RY,2022,10/6/2023
070RY,2023,10/6/2023
070RY,2024,10/6/2023
070T0,2022,10/6/2023
070T0,2023,10/6/2023
070T0,2024,10/6/2023
070T1,2022,7/22/2024
070T1,2023,7/22/2024
070T1,2024,7/22/2024
070T2,2022,10/6/2023
070T2,2023,10/6/2023
070T2,2024,10/6/2023
070T3,2022,10/6/2023
070T3,2023,10/6/2023
070T3,2024,10/6/2023
070T4,2022,7/11/2023
070T4,2023,7/11/2023
070T5,2022,10/9/2023
070T5,2023,10/9/2023
070T6,2022,10/6/2023
070T6,2023,10/6/2023
070T6,2024,10/6/2023
070T7,2023,NA
070T7,2024,NA
070T8,2023,NA
070T8,2024,NA
070T9,2023,NA
070T9,2024,NA
070TB,2023,10/22/2024
070TB,2024,10/22/2024
070TC,2023,NA
070TC,2024,NA
070TF,2023,NA
070TF,2024,NA
070TG,2023,NA
070TG,2024,NA
070TH,2023,5/9/2024
070TH,2024,5/9/2024
070TJ,2023,NA
070TJ,2024,NA
070TK,2023,NA
070TK,2024,NA
070TL,2023,NA
070TL,2024,NA
070TM,2023,NA
070TM,2024,NA
070TN,2023,NA
070TN,2024,NA
070TP,2023,NA
070TP,2024,NA
070TQ,2023,NA
070TQ,2024,NA
070TR,2023,NA
070TR,2024,NA
070TT,2023,NA
070TT,2024,NA
070TV,2023,NA
070TV,2024,NA
070TW,2023,7/24/2024
070TW,2024,7/24/2024
0FE6,2020,1/6/2023
0FE6,2021,1/6/2023
0FE6,2022,1/6/2023
0GAQ,2016,NA
0GAQ,2017,NA
0GAQ,2018,NA
0GAQ,2019,NA
0GAR,2016,NA
0GAR,2017,NA
0GAR,2018,NA
0GAR,2019,NA
0GAT,2016,NA
0GAT,2017,NA
0GAT,2018,NA
0GAT,2019,NA
0GAV,2016,2/29/2024
0GAV,2017,2/29/2024
0GAV,2018,2/29/2024
0GAV,2019,2/29/2024
0GAV,2020,2/29/2024
0GAW,2016,NA
0GAW,2017,NA
0GAW,2018,NA
0GAW,2019,NA
0GAX,2016,NA
0GAX,2017,NA
0GAX,2018,NA
0GAX,2019,NA
0GAY,2018,7/1/2021
0GAY,2019,7/1/2021
0GAY,2020,7/1/2021
0GAY,2021,7/1/2021
0GBA,2016,NA
0GBA,2017,NA
0GCA,2016,NA
0GCA,2017,NA
0GCA,2018,NA
0GCA,2019,NA
0GFA,2016,2/28/2019
0GFA,2017,2/28/2019
0GFA,2018,2/28/2019
0GGA,2016,NA
0GGA,2017,NA
0GGA,2018,NA
0GGA,2019,NA
0GHA,2016,NA
0GHA,2017,NA
0GHA,2018,NA
0GHA,2019,NA
0GJA,2016,NA
0GJA,2017,NA
0GJA,2018,NA
0GJA,2019,NA
0GKA,2016,NA
0GKA,2017,NA
0GKA,2018,NA
0GKA,2019,NA
0GLA,2016,NA
0GLA,2017,NA
0GLA,2018,NA
0GLA,2019,NA
0GMA,2016,NA
0GMA,2017,NA
0GMA,2018,NA
0GMA,2019,NA
0GNA,2016,NA
0GNA,2017,NA
0GNA,2018,NA
0GNA,2019,NA
0GPA,2018,7/1/2021
0GPA,2019,7/1/2021
0GPA,2020,7/1/2021
0GPA,2021,7/1/2021
0GQA,2018,2/3/2023
0GQA,2019,2/3/2023
0GQA,2020,2/3/2023
0GQA,2021,2/3/2023
0GQA,2022,2/3/2023
0GQA,2023,2/3/2023
0GRA,2016,NA
0GRA,2017,NA
0GRA,2018,NA
0GRA,2019,NA
0GTA,2016,NA
0GTA,2017,NA
0GTA,2018,NA
0GTA,2019,NA
0GVA,2017,NA
0GVA,2018,NA
0GVA,2019,NA
0GVA,2020,NA
0GWA,2017,NA
0GWA,2018,NA
0GWA,2019,NA
0GXA,2016,NA
0GXA,2017,NA
0GYA,2016,11/6/2023
0GYA,2017,11/6/2023
0GYA,2018,11/6/2023
0H0A,2016,2/5/2024
0H0A,2017,2/5/2024
0H0A,2018,2/5/2024
0H0A,2019,2/5/2024
0H1A,2017,NA
0H1A,2018,NA
0H1A,2019,NA
0H1A,2020,NA
0H2A,2017,NA
0H2A,2018,NA
0H2A,2019,NA
0H3A,2016,NA
0H3A,2017,NA
0H3A,2018,NA
0H3A,2019,NA
0H4A,2016,3/7/2018
0H4A,2017,3/7/2018
0H5A,2016,NA
0H5A,2017,NA
0H5A,2018,NA
0H5A,2019,NA
0H6A,2018,7/1/2021
0H6A,2019,7/1/2021
0H6A,2020,7/1/2021
0H6A,2021,7/1/2021
0H7A,2016,12/1/2021
0H7A,2017,12/1/2021
0H7A,2018,12/1/2021
0H7A,2019,12/1/2021
0H7A,2020,12/1/2021
0H7A,2021,12/1/2021
0H8A,2016,NA
0H8A,2017,NA
0H9A,2019,3/30/2022
0H9A,2020,3/30/2022
0H9A,2021,3/30/2022
0HA0,2016,NA
0HA0,2017,NA
0HA1,2017,NA
0HA1,2018,NA
0HA1,2019,NA
0HA1,2020,NA
0HA2,2016,10/18/2024
0HA2,2017,10/18/2024
0HA2,2018,10/18/2024
0HA2,2019,10/18/2024
0HA2,2020,10/18/2024
0HA2,2021,10/18/2024
0HA2,2022,10/18/2024
0HA2,2023,10/18/2024
0HA2,2024,10/18/2024
0HA3,2016,8/15/2023
0HA3,2017,8/15/2023
0HA3,2018,8/15/2023
0HA3,2019,8/15/2023
0HA4,2016,NA
0HA4,2017,NA
0HA5,2016,2/28/2019
0HA5,2017,2/28/2019
0HA5,2018,2/28/2019
0HA6,2016,2/3/2023
0HA6,2017,2/3/2023
0HA6,2018,2/3/2023
0HA6,2019,2/3/2023
0HA6,2020,2/3/2023
0HA6,2021,2/3/2023
0HA6,2022,2/3/2023
0HA6,2023,2/3/2023
0HA7,2016,9/27/2023
0HA7,2017,9/27/2023
0HA7,2018,9/27/2023
0HA7,2019,9/27/2023
0HA7,2020,9/27/2023
0HA7,2021,9/27/2023
0HA7,2022,9/27/2023
0HA7,2023,9/27/2023
0HA7,2024,9/27/2023
0HA8,2016,2/28/2019
0HA8,2017,2/28/2019
0HA8,2018,2/28/2019
0HA9,2016,NA
0HA9,2017,NA
0HA9,2018,NA
0HA9,2019,NA
0HAA,2016,NA
0HAA,2017,NA
0HAA,2018,NA
0HAA,2019,NA
0HAB,2016,NA
0HAB,2017,NA
0HAB,2018,NA
0HAB,2019,NA
0HAC,2016,1/26/2018
0HAC,2017,1/26/2018
0HAF,2016,NA
0HAF,2017,NA
0HAF,2018,NA
0HAF,2019,NA
0HAG,2016,NA
0HAG,2017,NA
0HAG,2018,NA
0HAG,2019,NA
0V1E,2019,9/27/2023
0V1E,2020,9/27/2023
0V1E,2021,9/27/2023
0V1E,2022,9/27/2023
0V1E,2023,9/27/2023
0V1E,2024,9/27/2023
21E4,2019,NA
3CA4,2018,10/5/2023
3CA4,2019,10/5/2023
3CA4,2020,10/5/2023
3CA9,2017,2/28/2019
3CA9,2018,2/28/2019
3EPF,2019,NA
4NEL,2019,8/7/2023
4NEL,2020,8/7/2023
4NEL,2021,8/7/2023
4NEN,2019,6/16/2022
4NEN,2020,6/16/2022
4NEN,2021,6/16/2022
4NEN,2022,6/16/2022
4NEP,2019,10/6/2023
4NEP,2020,10/6/2023
4NEP,2021,10/6/2023
4NEP,2022,10/6/2023
4NEP,2023,10/6/2023
4NEP,2024,10/6/2023
4NEQ,2019,6/28/2021
4NEQ,2020,6/28/2021
4NEQ,2021,6/28/2021
4NER,2019,NA
4NER,2020,NA
4NEX,2019,NA
4NEX,2020,NA
4NFE,2019,3/2/2022
4NFE,2020,3/2/2022
4NFE,2021,3/2/2022
4NFE,2022,3/2/2022
4NGE,2019,3/2/2022
4NGE,2020,3/2/2022
4NGE,2021,3/2/2022
4NGE,2022,3/2/2022
4NHE,2019,3/2/2022
4NHE,2020,3/2/2022
4NHE,2021,3/2/2022
4NHE,2022,3/2/2022
4NLE,2019,3/2/2022
4NLE,2020,3/2/2022
4NLE,2021,3/2/2022
4NLE,2022,3/2/2022
4NME,2019,3/2/2022
4NME,2020,3/2/2022
4NME,2021,3/2/2022
4NME,2022,3/2/2022
4NNE,2019,3/2/2022
4NNE,2020,3/2/2022
4NNE,2021,3/2/2022
4NNE,2022,3/2/2022
4NPE,2019,3/2/2022
4NPE,2020,3/2/2022
4NPE,2021,3/2/2022
4NPE,2022,3/2/2022
4NTE,2019,8/14/2023
4NTE,2020,8/14/2023
4NTE,2021,8/14/2023
4NTE,2022,8/14/2023
4NVE,2019,3/2/2022
4NVE,2020,3/2/2022
4NVE,2021,3/2/2022
4NVE,2022,3/2/2022
4NXE,2019,3/2/2022
4NXE,2020,3/2/2022
4NXE,2021,3/2/2022
4NXE,2022,3/2/2022
4P0E,2019,11/6/2023
4P0E,2020,11/6/2023
4P0E,2021,11/6/2023
4P0E,2022,11/6/2023
4P1E,2019,2/3/2023
4P1E,2020,2/3/2023
4P1E,2021,2/3/2023
4P1E,2022,2/3/2023
4P1E,2023,2/3/2023
4XXA,2018,7/18/2023
4XXA,2019,7/18/2023
4XXA,2020,7/18/2023
4Y1A,2018,7/18/2023
4Y1A,2019,7/18/2023
4Y1A,2020,7/18/2023
500A,2019,NA
50A2,2018,7/18/2023
50A2,2019,7/18/2023
50A2,2020,7/18/2023
5G20,2015,12/1/2021
5G20,2016,12/1/2021
5G20,2017,12/1/2021
5G20,2018,12/1/2021
5G20,2019,12/1/2021
5G20,2020,12/1/2021
5G20,2021,12/1/2021
5W4E,2019,NA
5W4E,2020,NA
5W6E,2019,11/3/2022
5W8E,2019,9/12/2023
5XPA,2019,NA
5XPA,2020,NA
5XYA,2018,12/1/2021
5XYA,2019,12/1/2021
5XYA,2020,12/1/2021
5XYA,2021,12/1/2021
7ANN,2019,NA
7ANN,2020,NA
7B4H,2018,1/24/2023
7B4H,2019,1/24/2023
7B4H,2020,1/24/2023
7B4H,2021,1/24/2023
7B4H,2022,1/24/2023
95A9,2019,2/3/2023
95A9,2020,2/3/2023
95A9,2021,2/3/2023
95A9,2022,2/3/2023
95A9,2023,2/3/2023
96AM,2019,9/27/2023
96AM,2020,9/27/2023
96AM,2021,9/27/2023
96AM,2022,9/27/2023
96AM,2023,9/27/2023
96AQ,2019,1/6/2023
96AQ,2020,1/6/2023
96AQ,2021,1/6/2023
96AQ,2022,1/6/2023
97WA,2019,2/22/2024
97WA,2020,2/22/2024
97WA,2021,2/22/2024
97WA,2022,2/22/2024
97WA,2023,2/22/2024
97WA,2024,2/22/2024
993A,2019,11/30/2019
9NCW,2015,NA
9NCW,2016,NA
A2VP,2017,NA
A2VP,2018,NA
A2VP,2019,NA
A2VP,2020,NA
A2VQ,2017,NA
A2VQ,2018,NA
A2VQ,2019,NA
A2VQ,2020,NA
A2VR,2017,NA
A2VR,2018,NA
A2VT,2017,NA
A2VT,2018,NA
A2VT,2019,NA
A2VT,2020,NA
A2VV,2018,12/30/2019
A2VV,2019,12/30/2019
A2VW,2017,NA
A2VW,2018,NA
A2VW,2019,NA
A2VW,2020,NA
A2VX,2019,3/2/2022
A2VX,2020,3/2/2022
A2VX,2021,3/2/2022
A2VX,2022,3/2/2022
A2VY,2017,2/28/2019
A2VY,2018,2/28/2019
A2W0,2017,NA
A2W0,2018,NA
A2W1,2017,12/1/2021
A2W1,2018,12/1/2021
A2W1,2019,12/1/2021
A2W1,2020,12/1/2021
A2W1,2021,12/1/2021
A2W2,2018,2/22/2024
A2W2,2019,2/22/2024
A2W2,2020,2/22/2024
A2W2,2021,2/22/2024
A2W2,2022,2/22/2024
A2W2,2023,2/22/2024
A2W2,2024,2/22/2024
A2W3,2018,7/1/2021
A2W3,2019,7/1/2021
A2W3,2020,7/1/2021
A2W3,2021,7/1/2021
A2W4,2017,NA
A2W4,2018,NA
A2W4,2019,NA
A2W5,2018,7/1/2021
A2W5,2019,7/1/2021
A2W5,2020,7/1/2021
A2W5,2021,7/1/2021
A2W6,2017,NA
A2W6,2018,NA
A2W6,2019,NA
A2W6,2020,NA
A2W7,2019,3/2/2022
A2W7,2020,3/2/2022
A2W7,2021,3/2/2022
A2W7,2022,3/2/2022
A2W8,2019,3/2/2022
A2W8,2020,3/2/2022
A2W8,2021,3/2/2022
A2W8,2022,3/2/2022
A2W9,2017,NA
A2W9,2018,NA
A2W9,2019,NA
A2W9,2020,NA
A2WA,2017,NA
A2WA,2018,NA
A2WA,2019,NA
A2WA,2020,NA
A2WA,2021,NA
A2WB,2017,NA
A2WB,2018,NA
A2WB,2019,NA
A2WC,2017,NA
A2WC,2018,NA
A2WC,2019,NA
A2WC,2020,NA
A2WF,2017,NA
A2WF,2018,NA
A2WF,2019,NA
A2WG,2017,11/30/2019
A2WG,2018,11/30/2019
A2WG,2019,11/30/2019
A2WH,2018,NA
A2WH,2019,NA
A2WH,2020,NA
A2WJ,2017,NA
A2WJ,2018,NA
A2WJ,2019,NA
A2WK,2018,5/22/2021
A2WK,2019,5/22/2021
A2WL,2019,3/2/2022
A2WL,2020,3/2/2022
A2WL,2021,3/2/2022
A2WL,2022,3/2/2022
A2WM,2018,NA
A2WM,2019,NA
A2WM,2020,NA
A2WM,2021,NA
A2WN,2018,NA
A2WN,2019,NA
A2WR,2019,1/4/2021
A2WR,2020,1/4/2021
A2WT,2018,NA
A2WT,2019,NA
A2WT,2020,NA
A2WV,2019,2/27/2021
A2WV,2020,2/27/2021
A2WW,2019,NA
A2WW,2020,NA
A2WX,2017,NA
A2WX,2018,NA
A2WX,2019,NA
A2WX,2020,NA
A2WY,2017,2/28/2019
A2WY,2018,2/28/2019
A2X1,2017,NA
A2X1,2018,NA
A2X1,2019,NA
A2X2,2017,NA
A2X2,2018,NA
A2X2,2019,NA
A2X3,2017,NA
A2X3,2018,NA
A2X4,2017,NA
A2X4,2018,NA
A2X4,2019,NA
A2X4,2020,NA
A2X5,2017,NA
A2X5,2018,NA
A2X5,2019,NA
A2X5,2020,NA
A2X6,2017,NA
A2X6,2018,NA
A2X6,2019,NA
A2X7,2017,NA
A2X7,2018,NA
A2X7,2019,NA
A2X7,2020,NA
A2X8,2017,NA
A2X8,2018,NA
A2X8,2019,NA
A2X9,2017,NA
A2X9,2018,NA
A2X9,2019,NA
A2XA,2017,NA
A2XA,2018,NA
A2XA,2019,NA
A2XA,2020,NA
A2XB,2018,NA
A2XB,2019,NA
A2XB,2020,NA
A2XC,2017,12/30/2019
A2XC,2018,12/30/2019
A2XC,2019,12/30/2019
A2XF,2017,NA
A2XF,2018,NA
A2XG,2018,7/1/2021
A2XG,2019,7/1/2021
A2XG,2020,7/1/2021
A2XG,2021,7/1/2021
A2XJ,2017,NA
A2XJ,2018,NA
A2XJ,2019,NA
A2XJ,2020,NA
A2XK,2019,3/30/2022
A2XK,2020,3/30/2022
A2XK,2021,3/30/2022
A2XL,2018,12/1/2020
A2XL,2019,12/1/2020
A2XL,2020,12/1/2020
A2XM,2017,9/15/2024
A2XN,2017,NA
A2XN,2018,NA
A2XN,2019,NA
A2XN,2020,NA
A2XP,2018,2/9/2023
A2XQ,2017,12/14/2020
A2XQ,2018,12/14/2020
A2XQ,2019,12/14/2020
A2XQ,2020,12/14/2020
A4B3,2017,2/28/2019
A4B3,2018,2/28/2019
A4KF,2019,7/1/2021
A4KF,2020,7/1/2021
A4KF,2021,7/1/2021
A4KM,2019,9/27/2023
A4KM,2020,9/27/2023
A4KM,2021,9/27/2023
A4KM,2022,9/27/2023
A4KM,2023,9/27/2023
A4KM,2024,9/27/2023
A4RG,2019,7/1/2021
A4RG,2020,7/1/2021
A4RG,2021,7/1/2021
A4TT,2019,10/6/2023
A4TT,2020,10/6/2023
A4TT,2021,10/6/2023
A4TT,2022,10/6/2023
A4TT,2023,10/6/2023
A4TT,2024,10/6/2023
A7G9,2017,NA
A7G9,2018,NA
A7G9,2019,NA
A7G9,2020,NA
A7GA,2018,10/6/2023
A7GA,2019,10/6/2023
A7GA,2020,10/6/2023
A7GA,2021,10/6/2023
A7GA,2022,10/6/2023
A7GA,2023,10/6/2023
A7GA,2024,10/6/2023
A7GB,2018,7/18/2022
A7GB,2019,7/18/2022
A7GB,2020,7/18/2022
A7GB,2021,7/18/2022
A7GC,2017,2/28/2019
A7GC,2018,2/28/2019
A7GG,2017,NA
A7GG,2018,NA
A7GG,2019,NA
A7GH,2017,NA
A7GH,2018,NA
A7GH,2019,NA
A7GH,2020,NA
A7GJ,2019,3/2/2022
A7GJ,2020,3/2/2022
A7GJ,2021,3/2/2022
A7GJ,2022,3/2/2022
A7GK,2019,3/3/2022
A7GL,2018,12/30/2019
A7GL,2019,12/30/2019
A7GM,2017,7/1/2021
A7GM,2018,7/1/2021
A7GM,2019,7/1/2021
A7GM,2020,7/1/2021
A7GM,2021,7/1/2021
A7GN,2018,7/1/2021
A7GN,2019,7/1/2021
A7GN,2020,7/1/2021
A7GN,2021,7/1/2021
A7GP,2017,12/1/2021
A7GP,2018,12/1/2021
A7GP,2019,12/1/2021
A7GP,2020,12/1/2021
A7GP,2021,12/1/2021
A7GP,2022,12/1/2021
A7GQ,2018,NA
A7GQ,2019,NA
A7GQ,2020,NA
A7GR,2017,NA
A7GR,2018,NA
A7GR,2019,NA
A7GR,2020,NA
A7GT,2017,7/1/2021
A7GT,2018,7/1/2021
A7GT,2019,7/1/2021
A7GT,2020,7/1/2021
A7GT,2021,7/1/2021
A7GV,2017,NA
A7GV,2018,NA
A7GV,2019,NA
A7GW,2018,9/11/2023
A7GX,2018,NA
A7GX,2019,NA
A7GX,2020,NA
A7GX,2021,NA
A7GY,2019,NA
A7GY,2020,NA
A7H0,2019,3/2/2022
A7H0,2020,3/2/2022
A7H0,2021,3/2/2022
A7H0,2022,3/2/2022
A7H2,2019,3/2/2022
A7H2,2020,3/2/2022
A7H2,2021,3/2/2022
A7H2,2022,3/2/2022
A7H3,2018,7/1/2021
A7H3,2019,7/1/2021
A7H3,2020,7/1/2021
A7H3,2021,7/1/2021
A7H4,2018,12/21/2023
A7H4,2019,12/21/2023
A7H4,2020,12/21/2023
A7H4,2021,12/21/2023
A7H4,2022,12/21/2023
ANG3,2021,9/14/2023
ANG3,2022,9/14/2023
ANG3,2023,9/14/2023
AQ04,2019,6/29/2023
AR52,2019,9/27/2023
AR52,2020,9/27/2023
AR52,2021,9/27/2023
AR52,2022,9/27/2023
AR52,2023,9/27/2023
AR52,2024,9/27/2023
B81A,2019,12/7/2020
B81A,2020,12/7/2020
BJAA,2019,12/1/2021
BJAA,2020,12/1/2021
BJAA,2021,12/1/2021
BL6F,2015,1/12/2018
BL6F,2016,1/12/2018
BL6F,2017,1/12/2018
BLG5,2015,7/26/2016
BLG5,2016,7/26/2016
BLG5,2017,7/26/2016
BLG5,2018,7/26/2016
BLG5,2019,7/26/2016
C71C,2014,NA
C71C,2015,NA
C71C,2016,NA
C71F,2014,9/9/2015
C71F,2015,9/9/2015
C71L,2014,NA
C71L,2015,NA
C71L,2016,NA
CFA9,2019,4/6/2021
CFA9,2020,4/6/2021
CFA9,2021,4/6/2021
CKWA,2019,11/30/2019
FAA7,2019,11/7/2023
FAA7,2020,11/7/2023
FAA9,2019,2/3/2023
FAA9,2020,2/3/2023
FAA9,2021,2/3/2023
FAA9,2022,2/3/2023
FAA9,2023,2/3/2023
FAAA,2019,3/13/2021
FAAA,2020,3/13/2021
FAAB,2019,9/27/2023
FAAB,2020,9/27/2023
FAAB,2021,9/27/2023
FAAB,2022,9/27/2023
FAAB,2023,9/27/2023
FAAB,2024,9/27/2023
FAAG,2019,NA
FAAG,2020,NA
FAAH,2019,10/6/2023
FAAH,2020,10/6/2023
FAAH,2021,10/6/2023
FAAH,2022,10/6/2023
FAAH,2023,10/6/2023
FAAH,2024,10/6/2023
FAAK,2021,7/24/2023
FAAK,2022,7/24/2023
FAAK,2023,7/24/2023
FAAK,2019,7/24/2023
FAAL,2019,9/27/2023
FAAL,2020,9/27/2023
FAAL,2021,9/27/2023
FAAL,2022,9/27/2023
FAAL,2023,9/27/2023
FAAM,2019,NA
FAAM,2020,NA
FAAM,2021,NA
FAAN,2019,10/6/2023
FAAN,2020,10/6/2023
FAAN,2021,10/6/2023
FAAN,2022,10/6/2023
FAAN,2023,10/6/2023
FAAN,2024,10/6/2023
FAAQ,2019,12/1/2021
FAAQ,2020,12/1/2021
FAAQ,2021,12/1/2021
FAAT,2019,2/22/2024
FAAT,2020,2/22/2024
FAAT,2021,2/22/2024
FAAT,2022,2/22/2024
FAAT,2023,2/22/2024
FAAT,2024,2/22/2024
FAAV,2019,12/1/2021
FAAV,2020,12/1/2021
FAAV,2021,12/1/2021
FAAW,2019,10/8/2022
FAAW,2020,10/8/2022
FAAW,2021,10/8/2022
FAAX,2019,1/16/2023
FAAY,2019,NA
FAAY,2020,NA
FAB0,2019,3/2/2022
FAB0,2020,3/2/2022
FAB0,2021,3/2/2022
FAB0,2022,3/2/2022
FAB1,2019,1/24/2023
FAB1,2020,1/24/2023
FAB1,2021,1/24/2023
FAB1,2022,1/24/2023
FAB2,2019,3/2/2022
FAB2,2020,3/2/2022
FAB2,2021,3/2/2022
FAB2,2022,3/2/2022
FAB3,2018,NA
FAB3,2019,NA
FAB4,2019,9/19/2023
FAB4,2020,9/19/2023
FAB4,2021,9/19/2023
FAB4,2022,9/19/2023
FAB4,2023,9/19/2023
FAB5,2018,8/16/2019
FAB5,2019,8/16/2019
FAB6,2019,12/1/2021
FAB6,2020,12/1/2021
FAB6,2021,12/1/2021
FAB7,2018,1/31/2022
FAB7,2019,1/31/2022
FAB7,2020,1/31/2022
FAB7,2021,1/31/2022
FAB8,2019,NA
FAB8,2020,NA
FAB9,2019,12/1/2021
FAB9,2020,12/1/2021
FAB9,2021,12/1/2021
FABA,2019,12/1/2021
FABA,2020,12/1/2021
FABA,2021,12/1/2021
FABA,2022,12/1/2021
FABB,2019,NA
FABB,2020,NA
FABC,2019,NA
FABC,2020,NA
FABF,2018,7/1/2021
FABF,2019,7/1/2021
FABF,2020,7/1/2021
FABF,2021,7/1/2021
FABG,2018,7/1/2021
FABG,2019,7/1/2021
FABG,2020,7/1/2021
FABG,2021,7/1/2021
FABH,2019,3/2/2022
FABH,2020,3/2/2022
FABH,2021,3/2/2022
FABH,2022,3/2/2022
FABJ,2019,NA
FABJ,2020,NA
FABK,2018,12/1/2021
FABK,2019,12/1/2021
FABK,2020,12/1/2021
FABK,2021,12/1/2021
FABL,2018,12/1/2021
FABL,2019,12/1/2021
FABL,2020,12/1/2021
FABL,2021,12/1/2021
FABM,2019,NA
FABM,2020,NA
FABN,2019,10/6/2023
FABN,2020,10/6/2023
FABN,2021,10/6/2023
FABN,2022,10/6/2023
FABN,2023,10/6/2023
FABN,2024,10/6/2023
FABP,2018,7/1/2021
FABP,2019,7/1/2021
FABP,2020,7/1/2021
FABP,2021,7/1/2021
FABQ,2019,3/25/2022
FABQ,2020,3/25/2022
FABQ,2021,3/25/2022
FABR,2019,2/25/2021
FABR,2020,2/25/2021
FABT,2018,NA
FABT,2019,NA
FABT,2020,NA
FABV,2018,8/19/2023
FABW,2019,3/27/2024
FABW,2020,3/27/2024
FABW,2021,3/27/2024
FABW,2022,3/27/2024
FABX,2019,3/2/2022
FABX,2020,3/2/2022
FABX,2021,3/2/2022
FABX,2022,3/2/2022
FABY,2019,3/25/2022
FABY,2020,3/25/2022
FABY,2021,3/25/2022
FAC0,2018,7/1/2021
FAC0,2019,7/1/2021
FAC0,2020,7/1/2021
FAC0,2021,7/1/2021
FAC1,2018,NA
FAC1,2019,NA
FAC1,2020,NA
FAC2,2019,2/27/2021
FAC2,2020,2/27/2021
FAC3,2018,1/31/2022
FAC3,2019,1/31/2022
FAC3,2020,1/31/2022
FAC3,2021,1/31/2022
FAC4,2018,11/26/2022
FAC4,2019,11/26/2022
FAC6,2018,10/5/2023
FAC6,2019,10/5/2023
FAC7,2018,12/1/2021
FAC7,2019,12/1/2021
FAC7,2020,12/1/2021
FAC7,2021,12/1/2021
FAC7,2022,12/1/2021
FAC8,2018,9/11/2023
FAC8,2019,9/11/2023
FAC8,2020,9/11/2023
FAC9,2018,NA
FAC9,2019,NA
FAC9,2020,NA
FACA,2019,3/2/2022
FACA,2020,3/2/2022
FACA,2021,3/2/2022
FACA,2022,3/2/2022
FACB,2019,10/9/2023
FACB,2020,10/9/2023
FACB,2021,10/9/2023
FACB,2022,10/9/2023
FACB,2023,10/9/2023
FACF,2019,10/6/2023
FACF,2020,10/6/2023
FACF,2021,10/6/2023
FACF,2022,10/6/2023
FACF,2023,10/6/2023
FACF,2024,10/6/2023
FT3M,2015,12/1/2021
FT3M,2016,12/1/2021
FT3M,2017,12/1/2021
FT3M,2018,12/1/2021
FT3M,2019,12/1/2021
FT3M,2020,12/1/2021
FT3M,2021,12/1/2021
FVMJ,2020,7/24/2024
FVMJ,2021,7/24/2024
FVMJ,2022,7/24/2024
FVMJ,2023,7/24/2024
FVMJ,2024,7/24/2024
G9C6,2015,6/16/2022
G9C6,2016,6/16/2022
G9C6,2017,6/16/2022
G9C6,2018,6/16/2022
G9C6,2019,6/16/2022
G9C6,2020,6/16/2022
G9C6,2021,6/16/2022
G9C6,2022,6/16/2022
G9F2,2014,7/26/2016
G9F2,2015,7/26/2016
G9F2,2016,7/26/2016
G9F2,2017,7/26/2016
G9F2,2018,7/26/2016
G9F2,2019,7/26/2016
G9F6,2015,7/19/2018
G9F6,2016,7/19/2018
G9F6,2017,7/19/2018
G9G0,2015,7/26/2016
G9G0,2016,7/26/2016
G9G0,2017,7/26/2016
G9G0,2018,7/26/2016
G9G0,2019,7/26/2016
G9G8,2015,6/9/2017
G9G8,2016,6/9/2017
G9G8,2017,6/9/2017
GAHH,2019,9/27/2023
GAHH,2020,9/27/2023
GAHH,2021,9/27/2023
GAHH,2022,9/27/2023
GAHH,2023,9/27/2023
GAHH,2024,9/27/2023
GNAK,2019,12/30/2019
GNAT,2019,3/19/2022
GNAT,2020,3/19/2022
GNAT,2021,3/19/2022
HAMY,2019,4/15/2023
HAN9,2019,9/10/2022
HANY,2019,6/29/2023
HJ0G,2014,7/26/2016
HJ0G,2015,7/26/2016
HJ0G,2016,7/26/2016
HJ0G,2017,7/26/2016
HJ0T,2015,7/26/2016
HJ0T,2016,7/26/2016
HJ0T,2017,7/26/2016
HJ18,2014,7/26/2016
HJ18,2015,7/26/2016
HJ18,2016,7/26/2016
HJ2P,2015,3/25/2022
HJ2P,2016,3/25/2022
HJ2P,2017,3/25/2022
HJ2P,2018,3/25/2022
HJ2P,2019,3/25/2022
HJ2P,2020,3/25/2022
HJ2P,2021,3/25/2022
HJ30,2015,7/26/2016
HJ30,2016,7/26/2016
JGTC,2018,2/28/2019
JJ8Q,2020,9/27/2023
JJ8Q,2021,9/27/2023
JJ8Q,2022,9/27/2023
JJ8Q,2023,9/27/2023
JJ8Q,2024,9/27/2023
KGKB,2015,1/6/2023
KGKB,2016,1/6/2023
KGKB,2017,1/6/2023
KGKB,2018,1/6/2023
KGKB,2019,1/6/2023
KGKB,2020,1/6/2023
KGKB,2021,1/6/2023
KGKB,2022,1/6/2023
KGLP,2019,NA
KGLP,2020,NA
KGLP,2021,NA
KP7H,2017,9/27/2023
KP7H,2018,9/27/2023
KP7H,2019,9/27/2023
KP7H,2020,9/27/2023
KP7H,2021,9/27/2023
KP7H,2022,9/27/2023
KP7H,2023,9/27/2023
KP7H,2024,9/27/2023
L4CG,2014,7/26/2016
L4CG,2015,7/26/2016
L4CG,2016,7/26/2016
L4CG,2017,7/26/2016
L4CG,2018,7/26/2016
L4CG,2019,7/26/2016
L4G1,2015,7/26/2016
L4G1,2016,7/26/2016
L4G1,2017,7/26/2016
L4G1,2018,7/26/2016
L4G1,2019,7/26/2016
L4G9,2015,12/1/2021
L4G9,2016,12/1/2021
L4G9,2017,12/1/2021
L4G9,2018,12/1/2021
L4G9,2019,12/1/2021
L4G9,2020,12/1/2021
L4G9,2021,12/1/2021
L4GT,2015,10/17/2022
L4GT,2016,10/17/2022
L4GT,2017,10/17/2022
L4GT,2018,10/17/2022
L4GT,2019,10/17/2022
L4GT,2020,10/17/2022
L4GT,2021,10/17/2022
L68P,2014,8/7/2015
L68P,2015,8/7/2015
L6B3,2014,8/7/2015
L6B3,2015,8/7/2015
LA7L,2019,9/27/2023
LA7L,2020,9/27/2023
LA7L,2021,9/27/2023
LA7L,2022,9/27/2023
LA7L,2023,9/27/2023
LA7L,2024,9/27/2023
LA9J,2019,NA
LA9J,2020,NA
LXM9,2014,10/6/2015
LXM9,2015,10/6/2015
LXMF,2014,7/2/2015
LXMF,2015,7/2/2015
M3RR,2017,4/7/2021
M3RR,2018,4/7/2021
M3RR,2019,4/7/2021
M3RR,2020,4/7/2021
MP2T,2019,NA
MP3K,2019,11/30/2022
MP3K,2020,11/30/2022
MP3K,2021,11/30/2022
MP3K,2022,11/30/2022
MYN1,2014,8/7/2015
MYN1,2015,8/7/2015
MYN7,2014,8/7/2015
MYN7,2015,8/7/2015
MYNY,2014,8/7/2015
MYNY,2015,8/7/2015
MYP0,2014,8/7/2015
MYP0,2015,8/7/2015
MYPN,2014,8/7/2015
MYPN,2015,8/7/2015
MYQ2,2014,8/7/2015
MYQ2,2015,8/7/2015
MYQ9,2014,8/7/2015
MYQ9,2015,8/7/2015
MYQG,2014,8/7/2015
MYQG,2015,8/7/2015
MYQT,2014,8/7/2015
MYQT,2015,8/7/2015
MYQV,2014,8/7/2015
MYQV,2015,8/7/2015
MYRG,2014,8/7/2015
MYRG,2015,8/7/2015
MYRV,2014,8/7/2015
MYRV,2015,8/7/2015
MYT1,2014,8/7/2015
MYT1,2015,8/7/2015
MYT5,2014,11/9/2014
MYTC,2014,8/7/2015
MYTC,2015,8/7/2015
MYTH,2014,8/7/2015
MYTH,2015,8/7/2015
MYTW,2014,8/7/2015
MYTW,2015,8/7/2015
MYX2,2014,8/7/2015
MYX2,2015,8/7/2015
N5P8,2015,7/26/2016
N5P8,2016,7/26/2016
N5P8,2017,7/26/2016
N5Q2,2015,9/27/2023
N5Q2,2016,9/27/2023
N5Q2,2017,9/27/2023
N5Q2,2018,9/27/2023
N5Q2,2019,9/27/2023
N5Q2,2020,9/27/2023
N5Q2,2021,9/27/2023
N5Q2,2022,9/27/2023
N5Q2,2023,9/27/2023
N5Q2,2024,9/27/2023
N5Q3,2015,2/6/2020
N5Q3,2016,2/6/2020
N5Q3,2017,2/6/2020
N5Q3,2018,2/6/2020
N5Q3,2019,2/6/2020
P376,2014,7/26/2016
P376,2015,7/26/2016
P376,2016,7/26/2016
P377,2019,3/27/2024
P377,2020,3/27/2024
P377,2021,3/27/2024
P377,2022,3/27/2024
P378,2014,NA
P378,2015,NA
P378,2016,NA
P37B,2014,NA
P37B,2015,NA
P37B,2016,NA
P37G,2014,7/26/2016
P37G,2015,7/26/2016
P37G,2016,7/26/2016
P37G,2017,7/26/2016
P37H,2014,7/6/2017
P37H,2015,7/6/2017
P37H,2016,7/6/2017
P37H,2017,7/6/2017
P37K,2014,NA
P37K,2015,NA
P37K,2016,NA
P37M,2014,7/26/2016
P37M,2015,7/26/2016
P37M,2016,7/26/2016
P37M,2017,7/26/2016
P37N,2014,7/26/2016
P37N,2015,7/26/2016
P37N,2016,7/26/2016
P37N,2017,7/26/2016
P37R,2015,NA
P37R,2016,NA
P37R,2017,NA
P37T,2014,7/26/2016
P37T,2015,7/26/2016
P37T,2016,7/26/2016
P37T,2017,7/26/2016
P37V,2014,NA
P37V,2015,NA
P37V,2016,NA
P37W,2014,NA
P37W,2015,NA
P37W,2016,NA
P37Y,2014,7/26/2016
P37Y,2015,7/26/2016
P37Y,2016,7/26/2016
P37Y,2017,7/26/2016
P380,2014,NA
P380,2015,NA
P380,2016,NA
P381,2015,NA
P381,2016,NA
P381,2017,NA
P381,2018,NA
P381,2019,NA
P382,2014,NA
P382,2015,NA
P382,2016,NA
P382,2017,NA
P383,2014,6/9/2017
P383,2015,6/9/2017
P383,2016,6/9/2017
P383,2017,6/9/2017
P384,2014,NA
P384,2015,NA
P384,2016,NA
P385,2014,NA
P385,2015,NA
P385,2016,NA
P386,2015,NA
P386,2016,NA
P386,2017,NA
P386,2018,NA
P387,2014,6/9/2017
P387,2015,6/9/2017
P387,2016,6/9/2017
P387,2017,6/9/2017
P388,2014,NA
P388,2015,NA
P388,2016,NA
P389,2014,NA
P389,2015,NA
P389,2016,NA
P38B,2014,6/9/2017
P38B,2015,6/9/2017
P38B,2016,6/9/2017
P38B,2017,6/9/2017
P38C,2015,NA
P38C,2016,NA
P38C,2017,NA
P38F,2014,1/11/2018
P38F,2015,1/11/2018
P38F,2016,1/11/2018
P38F,2017,1/11/2018
P38G,2014,NA
P38G,2015,NA
P38G,2016,NA
P38H,2014,NA
P38H,2015,NA
P38H,2016,NA
P38H,2017,NA
P38J,2015,NA
P38J,2016,NA
P38J,2017,NA
P38J,2018,NA
P38K,2014,NA
P38K,2015,NA
P38K,2016,NA
P38L,2015,2/28/2019
P38L,2016,2/28/2019
P38L,2017,2/28/2019
P38L,2018,2/28/2019
P38M,2014,1/12/2018
P38M,2015,1/12/2018
P38M,2016,1/12/2018
P38M,2017,1/12/2018
P38N,2014,6/9/2017
P38N,2015,6/9/2017
P38N,2016,6/9/2017
P38N,2017,6/9/2017
P38P,2015,12/1/2021
P38P,2016,12/1/2021
P38P,2017,12/1/2021
P38P,2018,12/1/2021
P38P,2019,12/1/2021
P38P,2020,12/1/2021
P38P,2021,12/1/2021
P38P,2022,12/1/2021
P38Q,2014,6/9/2017
P38Q,2015,6/9/2017
P38Q,2016,6/9/2017
P38Q,2017,6/9/2017
P38R,2015,3/28/2017
P38R,2016,3/28/2017
P38R,2017,3/28/2017
P38R,2018,3/28/2017
P38R,2019,3/28/2017
P38T,2015,NA
P38T,2016,NA
P38T,2017,NA
P38T,2018,NA
P38V,2014,NA
P38V,2015,NA
P38V,2016,NA
P38W,2014,NA
P38W,2015,NA
P38W,2016,NA
P38X,2014,NA
P38X,2015,NA
P38X,2016,NA
P38Y,2014,NA
P38Y,2015,NA
P38Y,2016,NA
P390,2015,NA
P390,2016,NA
P390,2017,NA
P390,2018,NA
P391,2014,NA
P391,2015,NA
P391,2016,NA
P391,2017,NA
P392,2015,NA
P392,2016,NA
P392,2017,NA
P393,2015,NA
P393,2016,NA
P393,2017,NA
P393,2018,NA
P394,2014,6/9/2017
P394,2015,6/9/2017
P394,2016,6/9/2017
P394,2017,6/9/2017
P395,2015,NA
P395,2016,NA
P395,2017,NA
P395,2018,NA
P396,2014,6/9/2017
P396,2015,6/9/2017
P396,2016,6/9/2017
P396,2017,6/9/2017
P397,2014,NA
P397,2015,NA
P397,2016,NA
P397,2017,NA
P398,2014,6/9/2017
P398,2015,6/9/2017
P398,2016,6/9/2017
P398,2017,6/9/2017
P399,2014,6/9/2017
P399,2015,6/9/2017
P399,2016,6/9/2017
P399,2017,6/9/2017
P39B,2015,NA
P39B,2016,NA
P39B,2017,NA
P39C,2015,NA
P39C,2016,NA
P39C,2017,NA
P39F,2015,NA
P39F,2016,NA
P39F,2017,NA
P39G,2015,7/1/2017
P39G,2016,7/1/2017
P39G,2017,7/1/2017
P39H,2015,NA
P39H,2016,NA
P39H,2017,NA
P39J,2015,NA
P39J,2016,NA
P39J,2017,NA
P39K,2015,NA
P39K,2016,NA
P39K,2017,NA
P39K,2018,NA
P3Q0,2021,11/29/2023
P3Q0,2022,11/29/2023
P3Q0,2023,11/29/2023
P4TQ,2017,NA
P4TQ,2018,NA
P4TQ,2019,NA
P4TQ,2020,NA
PL42,2015,2/28/2019
PL42,2016,2/28/2019
PL42,2017,2/28/2019
PL42,2018,2/28/2019
PL43,2018,6/28/2021
PL43,2019,6/28/2021
PL43,2020,6/28/2021
PL43,2021,6/28/2021
PL68,2015,6/9/2017
PL68,2016,6/9/2017
PL68,2017,6/9/2017
PL69,2015,NA
PL69,2016,NA
PL69,2017,NA
PL6P,2019,11/30/2022
PL6P,2020,11/30/2022
PL6P,2021,11/30/2022
PL6P,2022,11/30/2022
PL6T,2015,11/3/2022
PL6T,2016,11/3/2022
PL6T,2017,11/3/2022
PL6T,2018,11/3/2022
PL6V,2015,10/8/2022
PL6V,2016,10/8/2022
PL6V,2017,10/8/2022
PL6V,2018,10/8/2022
PL6V,2019,10/8/2022
PL6V,2020,10/8/2022
PL6V,2021,10/8/2022
PL70,2015,3/25/2022
PL70,2019,3/25/2022
PL70,2020,3/25/2022
PL70,2021,3/25/2022
PL71,2015,10/5/2023
PL71,2016,10/5/2023
PL71,2017,10/5/2023
PL71,2018,10/5/2023
PL71,2019,10/5/2023
PL75,2015,9/27/2023
PL75,2016,9/27/2023
PL75,2017,9/27/2023
PL75,2018,9/27/2023
PL75,2019,9/27/2023
PL75,2020,9/27/2023
PL75,2021,9/27/2023
PL75,2022,9/27/2023
PL75,2023,9/27/2023
PL75,2024,9/27/2023
PLKP,2015,11/23/2017
PLKP,2016,11/23/2017
PLKP,2017,11/23/2017
PN3J,2015,7/15/2015
PN3T,2015,12/1/2021
PN3T,2016,12/1/2021
PN3T,2017,12/1/2021
PN3T,2018,12/1/2021
PN3T,2019,12/1/2021
PN3T,2020,12/1/2021
PN3T,2021,12/1/2021
QYQ8,2015,NA
QYQ8,2016,NA
QYQ8,2017,NA
QYQ8,2018,NA
QYQ8,2019,NA
QYQ8,2020,NA
R0CC,2015,4/20/2016
R0CC,2016,4/20/2016
R0CC,2017,4/20/2016
R0CC,2018,4/20/2016
R0CC,2019,4/20/2016
R0CF,2015,11/23/2017
R0CF,2016,11/23/2017
R0CF,2017,11/23/2017
R0H7,2015,4/20/2016
R0H7,2016,4/20/2016
R0H7,2017,4/20/2016
R0HB,2015,4/20/2016
R0HB,2016,4/20/2016
R0HB,2017,4/20/2016
R0HJ,2015,4/20/2016
R0HJ,2016,4/20/2016
R0HJ,2017,4/20/2016
R0HJ,2018,4/20/2016
R0JH,2015,4/20/2016
R0JH,2016,4/20/2016
R0JH,2017,4/20/2016
R9QM,2018,9/27/2023
R9QM,2019,9/27/2023
R9QM,2020,9/27/2023
R9QM,2021,9/27/2023
R9QM,2022,9/27/2023
R9QM,2023,9/27/2023
R9QM,2024,9/27/2023
RH69,2018,NA
RHQT,2020,9/27/2023
RHQT,2021,9/27/2023
RHQT,2022,9/27/2023
RHQT,2023,9/27/2023
RHQT,2024,9/27/2023
RLFR,2020,12/1/2021
RLFR,2021,12/1/2021
RM7A,2019,NA
RM7A,2020,NA
RM7A,2021,NA
RV37,2015,11/1/2023
RV37,2016,11/1/2023
RV37,2017,11/1/2023
RV3J,2018,4/20/2021
RV3J,2019,4/20/2021
RV3J,2020,4/20/2021
RV3J,2021,4/20/2021
RV3X,2015,5/3/2022
RV3X,2016,5/3/2022
RV3X,2017,5/3/2022
RV3X,2018,5/3/2022
RV3X,2019,5/3/2022
RV4M,2015,NA
RV4N,2015,9/9/2015
RV4P,2015,6/9/2017
RV4P,2016,6/9/2017
RV4P,2017,6/9/2017
RV4R,2015,11/4/2020
RV4R,2016,11/4/2020
RV4R,2017,11/4/2020
RV4T,2015,NA
RV4T,2016,NA
RV4T,2017,NA
RV4X,2015,11/1/2023
RV4X,2016,11/1/2023
RV4X,2017,11/1/2023
RV4X,2018,11/1/2023
RV5C,2015,10/17/2022
RV5C,2016,10/17/2022
RV5C,2017,10/17/2022
RV5L,2015,1/24/2022
RV5L,2016,1/24/2022
RV5L,2017,1/24/2022
RV5L,2018,1/24/2022
RV5L,2019,1/24/2022
RV5V,2016,11/30/2019
RV5V,2017,11/30/2019
RV5V,2018,11/30/2019
RV5V,2019,11/30/2019
RV6H,2021,10/6/2023
RV6H,2022,10/6/2023
RV6H,2023,10/6/2023
RV6H,2024,10/6/2023
RV74,2015,6/9/2017
RV74,2016,6/9/2017
RV74,2017,6/9/2017
RV75,2015,10/8/2022
RV75,2016,10/8/2022
RV75,2017,10/8/2022
RV77,2015,NA
RV77,2016,NA
RV77,2017,NA
RY2G,2019,7/20/2023
RY2G,2020,7/20/2023
RY2G,2021,7/20/2023
RY2G,2022,7/20/2023
RY6K,2016,11/23/2017
RY6K,2017,11/23/2017
RY96,2017,8/9/2016
RY96,2018,8/9/2016
RY96,2019,8/9/2016
TA0J,2019,7/24/2023
TA0J,2020,7/24/2023
TA0J,2021,7/24/2023
TA0J,2022,7/24/2023
TA0J,2023,7/24/2023
TH67,2015,10/2/2020
TH67,2016,10/2/2020
TH67,2017,10/2/2020
TH67,2018,10/2/2020
TH67,2019,10/2/2020
TH68,2015,3/28/2017
TH68,2016,3/28/2017
TH68,2017,3/28/2017
TH68,2018,3/28/2017
TH68,2019,3/28/2017
TH69,2015,3/28/2017
TH69,2016,3/28/2017
TH69,2017,3/28/2017
TH69,2018,3/28/2017
TH69,2019,3/28/2017
TH69,2020,3/28/2017
TH6B,2015,3/28/2017
TH6B,2016,3/28/2017
TH6B,2017,3/28/2017
TH6B,2018,3/28/2017
TH6B,2019,3/28/2017
TH6C,2015,NA
TH6C,2016,NA
TH6C,2017,NA
TH6C,2018,NA
TH6F,2015,NA
TH6F,2016,NA
TH6F,2017,NA
TH6F,2018,NA
TH6F,2019,NA
TH6F,2020,NA
TH6F,2021,NA
TH6G,2015,NA
TH6G,2016,NA
TH6G,2017,NA
TH6G,2018,NA
TH6H,2015,9/27/2023
TH6H,2016,9/27/2023
TH6H,2017,9/27/2023
TH6H,2018,9/27/2023
TH6H,2019,9/27/2023
TH6H,2020,9/27/2023
TH6H,2021,9/27/2023
TH6H,2022,9/27/2023
TH6H,2023,9/27/2023
TH6H,2024,9/27/2023
TH6J,2015,NA
TH6J,2016,NA
TH6J,2017,NA
TH6J,2018,NA
TH6J,2019,NA
TH6K,2015,9/27/2023
TH6K,2016,9/27/2023
TH6K,2017,9/27/2023
TH6K,2018,9/27/2023
TH6K,2019,9/27/2023
TH6K,2020,9/27/2023
TH6K,2021,9/27/2023
TH6K,2022,9/27/2023
TH6K,2023,9/27/2023
TH6K,2024,9/27/2023
TH6L,2015,7/21/2023
TH6L,2016,7/21/2023
TH6L,2017,7/21/2023
TH6M,2015,NA
TH6M,2016,NA
TH6M,2017,NA
TH6M,2018,NA
TH6N,2015,NA
TH6N,2016,NA
TH6N,2017,NA
TH6N,2018,NA
TH6P,2015,NA
TH6P,2016,NA
TH6P,2017,NA
TH6P,2018,NA
TH6Q,2015,NA
TH6Q,2016,NA
TH6Q,2017,NA
TH6Q,2018,NA
TH6R,2015,NA
TH6R,2016,NA
TH6R,2017,NA
TH6R,2018,NA
TH6T,2017,6/8/2021
TH6T,2018,6/8/2021
TH6T,2019,6/8/2021
TH6T,2020,6/8/2021
TH6V,2015,12/1/2021
TH6V,2016,12/1/2021
TH6V,2017,12/1/2021
TH6V,2018,12/1/2021
TH6V,2019,12/1/2021
TH6V,2020,12/1/2021
TH6V,2021,12/1/2021
TH6W,2015,3/28/2017
TH6W,2016,3/28/2017
TH6W,2017,3/28/2017
TH6W,2018,3/28/2017
TH6X,2015,3/28/2017
TH6X,2016,3/28/2017
TH6X,2017,3/28/2017
TH6X,2018,3/28/2017
TH6X,2019,3/28/2017
TH6Y,2017,12/1/2021
TH6Y,2018,12/1/2021
TH6Y,2019,12/1/2021
TH6Y,2020,12/1/2021
TH6Y,2021,12/1/2021
TH70,2017,NA
TH70,2018,NA
TH70,2019,NA
TH71,2015,NA
TH71,2016,NA
TH71,2017,NA
TH71,2018,NA
TH72,2015,1/12/2018
TH72,2016,1/12/2018
TH72,2017,1/12/2018
TH73,2015,NA
TH73,2016,NA
TH73,2017,NA
VL6F,2017,12/1/2021
VL6F,2018,12/1/2021
VL6F,2019,12/1/2021
VL6F,2020,12/1/2021
VL6F,2021,12/1/2021
VL6F,2022,12/1/2021
VPJF,2021,7/22/2024
VPJF,2022,7/22/2024
VPJF,2023,7/22/2024
VPJF,2024,7/22/2024
VPNG,2017,11/3/2022
VPNG,2018,11/3/2022
VPNG,2019,11/3/2022
VPNG,2020,11/3/2022
VPNG,2021,11/3/2022
VT6K,2017,5/21/2024
VT6K,2018,5/21/2024
VT6K,2019,5/21/2024
VT6K,2020,5/21/2024
VT6R,2017,3/25/2022
VT6R,2018,3/25/2022
VT6R,2019,3/25/2022
VT6R,2020,3/25/2022
VT75,2018,NA
VT75,2019,NA
VT75,2020,NA
VT78,2017,9/27/2023
VT78,2018,9/27/2023
VT78,2019,9/27/2023
VT78,2020,9/27/2023
VT78,2021,9/27/2023
VT78,2022,9/27/2023
VT78,2023,9/27/2023
VT78,2024,9/27/2023
VT81,2017,9/18/2023
VT81,2018,9/18/2023
VT81,2019,9/18/2023
VT81,2020,9/18/2023
VT81,2021,9/18/2023
VT81,2022,9/18/2023
VT81,2023,9/18/2023
VW9Y,2018,6/29/2023
VW9Y,2019,6/29/2023
VW9Y,2020,6/29/2023
VW9Y,2021,6/29/2023
VW9Y,2022,6/29/2023
W7KX,2019,7/24/2023
W7KX,2020,7/24/2023
W7KX,2021,7/24/2023
W7KX,2022,7/24/2023
W7KX,2023,7/24/2023
W9WY,2018,NA
W9WY,2019,NA
W9Y8,2018,NA
W9Y8,2019,NA
W9YJ,2018,NA
W9YJ,2019,NA
WA6G,2021,9/27/2023
WA6G,2022,9/27/2023
WA6G,2023,9/27/2023
WA6G,2024,9/27/2023
WCV1,2019,11/30/2019
WH67,2015,NA
WH67,2016,NA
WH67,2017,NA
WH67,2018,NA
WH67,2019,NA
WH67,2020,NA
WH69,2015,10/20/2017
WH69,2016,10/20/2017
WH69,2017,10/20/2017
WTQ0,2017,8/14/2021
WTQ0,2018,8/14/2021
WTQ0,2019,8/14/2021
X43M,2017,2/7/2020
X43M,2018,2/7/2020
X43M,2019,2/7/2020
X5B2,2015,NA
X5B2,2016,NA
X5B2,2017,NA
X5B3,2016,NA
X5B3,2017,NA
X5B3,2018,NA
X5B3,2019,NA
X5B4,2016,NA
X5B4,2017,NA
X5B4,2018,NA
X5B4,2019,NA
X5B5,2016,NA
X5B5,2017,NA
X5B5,2018,NA
X5B5,2019,NA
X5B6,2018,7/1/2021
X5B6,2019,7/1/2021
X5B6,2020,7/1/2021
X5B6,2021,7/1/2021
X5B7,2016,NA
X5B7,2017,NA
X5B7,2018,NA
X5B7,2019,NA
X5B8,2016,NA
X5B8,2017,NA
X5B9,2016,NA
X5B9,2017,NA
X5BB,2016,NA
X5BB,2017,NA
X5BC,2016,NA
X5BC,2017,NA
X5BF,2017,NA
X5BF,2018,NA
X5BF,2019,NA
X5BG,2017,NA
X5BG,2018,NA
X5BG,2019,NA
X5BG,2020,NA
X5BH,2017,NA
X5BH,2018,NA
X5BH,2019,NA
X5BH,2020,NA
X5BJ,2018,9/27/2023
X5BJ,2019,9/27/2023
X5BJ,2020,9/27/2023
X5BJ,2021,9/27/2023
X5BJ,2022,9/27/2023
X5BJ,2023,9/27/2023
X5BJ,2024,9/27/2023
X5BK,2019,3/2/2022
X5BK,2020,3/2/2022
X5BK,2021,3/2/2022
X5BK,2022,3/2/2022
X5BL,2017,NA
X5BL,2018,NA
X5BL,2019,NA
X5BL,2020,NA
X5BM,2017,2/22/2024
X5BM,2018,2/22/2024
X5BM,2019,2/22/2024
X5BM,2020,2/22/2024
X5BM,2021,2/22/2024
X5BM,2022,2/22/2024
X5BM,2023,2/22/2024
X5BM,2024,2/22/2024
X5BN,2019,3/2/2022
X5BN,2020,3/2/2022
X5BN,2021,3/2/2022
X5BN,2022,3/2/2022
X5BP,2017,NA
X5BP,2018,NA
X5BP,2019,NA
X5BQ,2017,NA
X5BQ,2018,NA
X5BQ,2019,NA
X5BQ,2020,NA
XHRH,2019,9/27/2023
XHRH,2020,9/27/2023
XHRH,2021,9/27/2023
XHRH,2022,9/27/2023
XHRH,2023,9/27/2023
XHRH,2024,9/27/2023
XJMN,2020,7/24/2023
XJMN,2021,7/24/2023
XJMN,2022,7/24/2023
XJMN,2023,7/24/2023
XRH6,2017,NA
XRH6,2018,NA
XRH6,2019,NA
XRJH,2020,NA
XVB6,2019,9/22/2019
XWTR,2018,11/3/2022
XWTR,2019,11/3/2022
XX0P,2019,8/8/2023
XX0P,2020,8/8/2023
XX0P,2021,8/8/2023
XX0P,2022,8/8/2023
XXMY,2020,7/24/2023
XXMY,2021,7/24/2023
XXMY,2022,7/24/2023
XXMY,2023,7/24/2023
Y7XW,2018,12/27/2019
YARA,2019,12/1/2020
YARA,2020,12/1/2020
YARY,2019,7/24/2023
YARY,2020,7/24/2023
YARY,2021,7/24/2023
YARY,2022,7/24/2023
YARY,2023,7/24/2023
YBCB,2018,10/6/2023
YBCB,2019,10/6/2023
YBCB,2020,10/6/2023
YBCB,2021,10/6/2023
YBCB,2022,10/6/2023
YBCB,2023,10/6/2023
YBCB,2024,10/6/2023
YYW4,2021,11/29/2023
YYW4,2022,11/29/2023
YYW4,2023,11/29/2023
YYX2,2021,10/18/2024
YYX2,2022,10/18/2024
YYX2,2023,10/18/2024
YYX2,2024,10/18/2024
YYX3,2020,10/6/2023
YYX3,2021,10/6/2023
YYX3,2022,10/6/2023
YYX3,2023,10/6/2023
YYX3,2024,10/6/2023
YYYN,2020,12/1/2021
YYYN,2021,12/1/2021
YYYN,2022,12/1/2021
